"Name","Contact","Timestamp"
"Test User","1234567890","2026-01-29T08:04:29.750Z"
"sandeep","6969696969","2026-01-29T08:38:07.963Z"
"akshay","1234567899","2026-01-29T08:40:27.590Z"
"Final Test","9988776655","2026-01-29T09:27:46.363Z"
"Final Test","9988776655","2026-01-29T09:32:05.444Z"
"abc","1234567899","2026-01-29T09:36:41.171Z"
"akhil","1234567890","2026-01-29T09:52:37.106Z"
"Fix Verify","1122334455","2026-01-29T10:02:36.682Z"
"abd","1234567891","2026-01-29T10:08:17.889Z"
"alan","1244678913","2026-01-29T10:09:08.125Z"
"hfu","1356547578","2026-01-29T10:10:05.778Z"
"alex","1234567899","2026-01-29T10:34:25.577Z"
"alex","9876543210","2026-01-30T05:42:02.299Z"
"john","1235678908","2026-01-30T06:42:40.537Z"
"sukants","1235327490","2026-02-04T05:29:25.656Z"
"alex","6364874779","2026-02-04T09:20:15.069Z"
"Tester","1234567890","2026-02-04T09:52:27.846Z"
"egrfe","1234325234","2026-02-04T10:01:17.101Z"
"Test User","1234567890","2026-02-04T10:06:18.146Z"
"d","1313565767","2026-02-04T10:16:13.243Z"
"dsfgv","2143138413","2026-02-04T10:40:27.105Z"
"Alex J","9876549871","2026-02-05T06:04:38.120Z"
"alen","7643456273","2026-02-05T10:06:08.970Z"
"Test User","1234567890","2026-02-05T10:11:37.906Z"
"deepthi","1234567992","2026-02-05T11:28:00.987Z"
"akhil","9880409113","2026-02-05T11:33:57.414Z"
"sukanta","9902366988","2026-02-05T12:12:12.655Z"
"alex","2385482754","2026-02-05T12:47:38.336Z"
"regea2","4234345252","2026-02-06T05:35:11.921Z"
"Prasad","9900000000","2026-02-06T07:07:46.688Z"
"Akhil","2482","2026-02-06T07:22:21.224Z"
"akhil","2323432523","2026-02-06T07:37:27.026Z"
"we","1231242342","2026-02-06T07:41:01.895Z"
"adss","5128753871","2026-02-06T07:43:31.218Z"
"rf","3213123123","2026-02-06T08:21:45.491Z"
"sam","1234124893","2026-02-06T11:09:29.740Z"
"sam","1234124893","2026-02-06T11:09:29.742Z"
"sandeep","2178417461","2026-02-06T11:16:40.663Z"
"sandeep","2178417461","2026-02-06T11:16:40.665Z"
"sam","1234143432","2026-02-10T09:32:42.125Z"
"sam","1234143432","2026-02-10T09:32:42.127Z"
"fsw2","3412341234","2026-02-10T09:58:59.478Z"
"fsw2","3412341234","2026-02-10T09:58:59.481Z"
"dfw","1123123412","2026-02-11T05:43:42.454Z"
"dfw","1123123412","2026-02-11T05:43:42.457Z"
